PC1,PC2,PC3,PC4,PC5,PC6,PC7,PC8,PC9,PC10,PC11,PC12,PC13,PC14,PC15,PC16,PC17,PC18,PC19,PC20,PC21,PC22,PC23,PC24,PC25,PC26,PC27,PC28,PC29,PC30,PC31,PC32,target_actual
-37.39245563585876,-2.5616748631855737,7.305881703844466,1.6452016765196362,3.735091781069118,-2.5749642711444563,-0.18317711056769387,1.4992679224054921,1.0629139281132836,-6.01598768890819,-1.2644869894253739,-0.38082563967142746,1.6705815448411336,-4.501424175409425,1.5804126147767328,-1.2207358140633702,-6.169474574252637,-0.677442481926106,4.21293848933013,-2.1776844941337252,4.314542424949456,0.3513496283043103,0.8461395582873306,3.907607755328668,0.204158142540221,-2.120148999314339,1.292110161321094,-4.8028405537552485,1.8344813529707493,0.9792248886961703,2.417021927576482,1.4677403634107076,primary breast cancer
-62.006062356330006,8.64799727140809,-13.727900793425679,-6.464201228579568,16.684952349273402,2.954665269719394,25.938692727963982,8.441811824716362,-5.638626863186286,5.080343324037401,-3.8101899346310977,-0.7852197506046046,1.7548218733162497,2.104636713529907,2.558284950299129,1.4701187166005885,0.732740114678657,-2.2756304962194998,2.2180092487520944,0.9465459076116843,-3.666823341097459,-5.164458974700484,-1.5026372399383763,0.3952509997807856,1.9030193152960535,-0.21611476547702183,-1.9482883947042142,-2.184444742365271,-3.886945603641649,0.9043425267645342,1.9873027372966898,-1.3016521052265704,primary breast cancer
-42.797458875312635,-0.8890536019542257,4.534311230682365,-3.9977631605955866,7.806352853641878,-1.747297855617537,1.6966771674561578,4.1710794181321,-5.423935145543477,0.2244922524757025,4.560778985150324,-0.2869346957330802,3.3443958807401377,1.3581556168438615,-2.608724493202521,0.5866893901185538,-0.08786657471728944,-0.00730657530467138,-2.4249030048298086,0.3831111655137592,2.01325668193095,-0.8107951969129343,1.9116004746692288,-1.574667861750547,0.2823329004052952,-2.7213075805233307,-1.7276940964314442,-0.8083250677621828,6.837089669318126,0.3576937112613823,-0.014347127075388546,0.4804901010907071,primary breast cancer
-9.163138268284252,-9.392910533458222,28.03930072585806,7.268328460846043,-9.14269022672376,0.1938426209542496,-1.2714383326337175,-3.739293919982143,-4.3817671855814835,2.6107057433826744,-3.4223686866059797,-1.1000125582289688,-5.006464758659249,-4.0934799881934625,3.8586971975496795,4.671449921986065,3.1222486775041767,1.438533128394356,2.741884497823902,2.854509208262961,-1.1212376702388218,-0.31259363786180083,-1.2387491154315937,3.22386562356906,-0.35306088778862565,-1.8161907476762704,0.4129696313742972,-0.08826489120521643,0.4175047935630657,1.8997054673536464,1.0037918272672983,0.5547483782087956,primary breast cancer
28.202617814079428,-25.652501882561523,-2.2440049892176637,-4.288072338487624,-7.527616078906236,-10.053017750752513,2.7131790819367385,6.096958396988247,-3.102936168503895,0.6277933997880066,-2.5642671932829444,2.6841984706116118,-1.3580070214945095,3.3154535676899934,3.683963842599317,-1.564759597594009,-3.124409414237348,-4.21933284071885,-3.702039613888873,-0.5518730131755056,-0.8834347817921104,-2.386267984097082,2.1643923300959003,3.0852451706978914,1.9078960283120943,1.7213175928312536,-3.8086579829743132,-1.9104162023535345,-0.5122585553243411,1.4017330186160546,-0.389717988070225,-0.4985581217488956,primary breast cancer
33.20192746713842,-21.98384692808101,0.5648041219420012,-8.229817390494757,-7.401022172020822,-4.296589051217521,8.580993726928648,8.854028482707058,-5.835541319722368,2.0304842698540924,-3.1186577029485147,3.6154133490587386,-2.5274821233530234,1.5568190815054717,-7.8871995661845595,-1.8037229370211083,1.0309455417471924,-0.18765341669973573,-4.948871654835896,-9.290032653919349,-1.1758860557199604,-6.667552672729864,-3.6733044139233986,-7.731688634879995,-0.31926640767001424,-1.6045017246449358,0.7507512767510444,-1.8945235862778198,3.8872881133495794,-2.1383258008513493,-5.530198945616727,-3.6899189610140377,primary breast cancer
26.978033207321218,-19.315681933722548,-7.593495827815593,-7.720699920176857,-3.8492011426877877,0.32942938395332516,6.566853900498888,2.9456918035907544,4.055512508040333,-2.707571317129793,-8.819075503278938,-3.1326563238691367,-7.423832340419668,-4.134730046799951,3.5743748003911,-2.233624042510922,-4.247551453209519,-5.025491185324346,1.9478532977373637,2.4752114735613793,5.133028594056987,-2.104758790643457,-3.749273896067091,-5.356101444088379,0.5682838184950274,2.0269476107137456,0.5249325511342617,4.093020385905323,0.5970017016307072,-3.0663174336920975,2.64078473737789,1.9565376993231822,primary breast cancer
10.829684817017128,-5.41860689896308,-17.522077397848694,-3.45794365103929,-11.765348024504766,15.822011190076942,6.319783450035088,-5.226821268891349,-1.304676447890983,-1.5640884197045402,-0.06410723228824076,-3.583898139010691,-2.471314813977376,2.4108634737597616,-0.7646790626139408,3.2589392273003885,-0.7643423217419073,0.23029361363232037,2.31094659259376,-0.8254611553200307,0.3422703971283321,-0.6638034846709395,-3.2125224023193732,0.5679989870596029,1.3432691859719295,1.1457685166432983,-0.46866651484496435,0.29163964118350333,2.3034544078683545,0.97188779160036,1.5923589728782754,1.4428376372929552,normal breast tissue
20.987380429464164,-21.90829001382,-20.363354391701037,38.56842260744509,14.629492307225814,10.70752324997091,3.5476133016285027,-6.006091291636748,8.47877186719225,4.448505863132507,4.034052308552242,-6.629249806232798,2.426449432230974,6.213004982512891,2.8165372546958043,0.9728299971989441,-6.4182965911177075,-1.3301222780161623,-2.347191759217584,0.44220396511182525,-1.5391154407403083,-1.9535429201464585,1.5232608395335714,1.9687872916017852,0.7135035059748428,-0.11843822042031031,1.4946958243506763,-3.206016346768137,2.221085270946186,0.18007120905847357,-1.4905768728288629,0.2053745939849812,normal breast tissue
42.10053730105102,20.67489057049356,9.590212919179898,-2.287688197188382,5.841799935874494,3.4953708005754645,6.707153337155587,8.419994973175122,-3.1498095466849376,-4.59527933557365,1.8628957083406266,-4.3989111753873456,4.382235690504446,-1.3754349480660257,2.8142036330729012,-1.1054641025388463,-1.8678293580500775,0.8239823499961887,-3.24714702658945,1.9593634887369844,-2.1107764907859807,4.94833578449883,-0.6340616567823478,-0.22076393661942514,-1.546274474530217,1.1327776509983587,-1.2834039697275819,1.426376218627455,0.3036497740264915,1.2563921307331214,0.7710161412901608,0.966566158803164,primary breast cancer
0.19472126266210926,31.850122771206767,-6.776612497615759,13.456731436700121,-12.164840197985505,-6.611466236602712,3.6658573700890256,6.820390746215293,20.09691916994033,2.9927174699298082,18.072531174341226,-2.954746528902319,-14.66280663827554,-4.982419852396066,12.87130031168701,-18.727898881523245,14.869879758574097,-3.0283218791904787,-0.8649592631254088,-0.906486984885655,-1.103693769130728,-2.8103607180416526,-2.252483728009938,2.522721804991514,5.670702207311615,5.581469786220663,-2.4621328370976943,-0.5635195669280265,1.911478978458472,-2.850490287869171,0.015875934996681034,1.6188616524385027,primary breast cancer
35.3700760611631,20.37879410523629,9.25793679599784,-0.6257286600207334,6.0363101006965945,7.393062282224296,-3.0027212936669003,8.774047434576635,-12.137359591357695,7.919116277468678,1.5676848905794034,-1.09237106509329,-1.0328248523067052,1.4184923665362543,1.0544407323497764,-3.513669301357078,-4.85579831825022,1.1187396478512848,1.3340239045795166,0.44892254680217125,1.8705345598250023,0.9703765745563088,-1.9570042889379624,5.7437738733022385,-1.1650127274701025,-2.8371328722552587,1.1207922643716886,-0.2861096981867332,-0.5124490166044239,3.0582699125474133,-0.14170079763505736,-1.0795333693670914,primary breast cancer
3.0195291233484927,26.246569338101033,-3.5761744363877117,6.020587811922154,-6.447541921106217,-1.0765197484373739,-4.716100426225204,10.022488117053511,2.011377128834181,10.633187082193075,5.927960197046415,7.508370604115564,-5.274421026083133,1.6585105805553542,1.4204458355158252,8.832393470083883,-2.354230213208317,-1.4366079881704807,5.89758505083203,4.088781307232194,0.046361864690106586,-6.04914396354402,3.8754329229962305,3.060271739979423,-0.0756486320292302,1.1425630371128739,0.25872873476619385,0.6161124327587104,-0.15290454380113658,0.5840429520078848,-0.36570313729304454,-2.5491597303396643,primary breast cancer
11.931565664111156,24.55985094720934,-0.9882738603526106,2.9635448190898845,3.13694587924415,-1.9103711072738985,-8.81557123169262,1.614907167423181,-8.065011450822503,1.8637523726868614,-1.2872679288904951,2.206633723121949,-0.17334399964402744,1.7793898344690304,-1.7219718989143213,-0.4436370712674713,0.29366902437084125,-1.1865394763202473,-0.9555174999581179,8.06150934240184,0.8662851593156744,-2.905520733540305,1.494550646256542,0.24792563691813113,1.180884310039248,-0.14007450662345264,2.2892565076075795,2.303855246532566,-0.3284729675460922,-1.6286934742867785,-1.1055102644255843,1.7015646449958088,primary breast cancer
22.15822339300146,-8.246716909636831,-0.7764159182042385,-16.404957562646803,6.573835298928511,-32.96905049962262,7.061626785829862,-17.294494299267264,3.7910420157459197,13.06652365295922,7.705054258254251,-10.20152980229538,-1.499647409875083,-10.764851256574211,-3.1906964023643267,2.1352045626928313,-8.136064217725371,18.07170235178426,7.010204480215885,6.688438324128679,2.3817211946598564,1.314192081366797,-2.7819536929466273,2.3430898523040025,9.756063260295887,-4.415378522009416,-6.5397241181181265,4.744655153891814,2.5931452726484077,-0.37340461276566284,-3.3467347417101783,-2.4552651021445357,primary breast cancer
4.841565976829647,-12.155634039645339,35.24390256975592,2.452671743681144,-5.940847284618826,-1.9031169900416751,4.592118149959485,1.4514640449729348,3.09697024198148,-14.073400086060037,4.382429191149261,2.190134121262439,-2.043348178288803,-0.932907307362043,-4.777303990604808,0.31717681875783527,0.4438797214513757,0.079152500006478,2.15983811085868,2.921355847277166,-4.057029500748441,1.2205439477304165,-7.798450085101769,-1.118584635780884,-1.1960185500027594,-3.662117160328824,-0.284217619472148,-2.380788138514979,-2.6592525085840917,-2.9353404085186994,0.3247914613840789,0.8735729305612353,primary breast cancer
-20.32783329201993,-4.00245370820714,19.84304565736026,0.1421723841873364,-0.2596841389408188,4.375094116454761,2.094220079459154,-3.360924476983044,-1.6898317291791536,-6.802135347848211,5.629941897544343,4.790411728804694,0.5121837956068586,0.5514217638244533,-6.175695943815781,-1.4949482210034077,1.5463710636524375,-0.9835190772532731,1.1523202749825057,-1.2134994735948146,0.7407908743718014,2.8326538072711966,-0.30497030855485896,1.8336378371210047,-0.5294030053842053,-2.154163619244827,-0.18120839857950394,-0.5102767116655834,-0.1984314996739372,-2.3997567644103417,-1.1853936350254035,1.1269071210150072,primary breast cancer
-19.615555332928825,-1.0411330268541423,18.246842727032387,4.176693265910321,-4.426228814830514,3.6117519521547914,0.09566164759160495,-4.010619321021058,-4.091313229563381,-10.165707293870597,5.38306460670089,5.322924313427934,3.9495379657911487,-1.79258776878503,-2.873103881371813,-3.9378488822760973,-2.086545559051731,0.40271374950696226,4.172255613320838,-3.1712905798318842,-0.2917413902663622,0.820105857968107,0.2977113156817187,2.94735127650757,0.4533187079171073,-1.6129204216410091,-1.9296762835317054,-1.380899778125341,0.33364588209475776,-0.9681026766746614,2.1959964585179397,0.3026673211528799,primary breast cancer
-41.92808964729523,4.3207987873918094,4.421469707688556,-1.4047254885449119,4.1087472036173684,6.2875645427650735,9.50254378013104,0.39254027027280486,-4.972066897528631,-1.0894149545230074,1.942352202898382,1.469123817541677,2.846585057244412,-2.564551326828692,-2.6349014276230713,-2.2611172308080087,0.6576710933884551,-0.13587197694952147,3.904490304307031,-0.21644444430039853,0.1818675005872345,-0.002785699651361537,-1.2180726856957997,1.7141845058404304,1.0376995142831933,0.9643185101626425,-3.8361599089057665,-0.5421926242738566,-1.3202067768188197,-2.4872631712162994,-0.275292660218493,3.4195679806467325,primary breast cancer
-50.09423053467601,8.436431736652215,-2.8861845008078517,1.4680900224917652,6.970167683811882,2.1341701703269935,15.732455079734734,0.055950572159492284,-11.335273648538559,-1.7840012307205695,-4.733661196302043,3.0453127116454772,-1.350617163554678,-5.845269887100984,0.39605120349219636,0.1953727132339489,1.2396932202559792,4.076630213923833,1.6560792460111264,-4.117920171863921,-3.561102493619093,-3.4514200994755315,-3.508944444236469,4.235501176052138,2.013594530078915,5.3549138128646625,0.7787670275176181,-2.047932424914713,-2.3162467540109812,-1.832596035145775,1.366792008203401,1.3412398160325845,primary breast cancer
-36.99835910105805,0.22069892238211633,6.950254914292909,0.9624730028664558,4.711275346005732,4.474989160988346,11.327496057962312,-3.2491094944957313,-3.9186188447892176,-0.8683285902754393,0.7974588289698034,4.7180886289112625,0.2797210677931273,1.8257521249518436,0.39731530671556514,-3.225402740506681,1.4331369181501414,1.9662014144693667,3.15881858677835,-0.26258551991336565,-0.6069668879014452,-0.01937892701824683,0.9072698705213619,0.5666322073840236,-1.8644644873328007,0.3468663278089516,0.17905135589635346,-0.7929616380874692,0.22555199884860727,-0.7347401792672673,0.09177710838305377,4.181001294168017,primary breast cancer
-46.563918383223054,2.863694228444974,2.440359859432435,-3.1215667530617135,12.186246680998272,5.343378167062259,8.236580961184123,-1.1393330550321543,-3.8506862485237963,-2.52448961986154,2.4249429085890277,5.326134866134234,1.3278649919983965,-0.7899816270864637,-3.6585833511928056,-7.666168610937955,-2.7844709268631735,-1.1124731340071368,-3.8980812901594235,1.043177373953737,3.271131275483963,0.6813950831738045,0.08084202870964072,0.4731429295204673,4.204289460512138,0.5762987039040286,-2.7464592234091714,-2.4088036367069945,-0.2762113484857952,2.2742589576017167,-0.5092474951003886,0.7376259500678302,primary breast cancer
-57.4056003673162,2.223936303804086,-8.674981049336832,-11.853650208248048,20.907246080499636,4.618201819683224,21.775335286589375,8.615499635208572,0.8545756539927808,2.7795720301270213,-0.7156971910290241,-4.926620772088584,0.703747765766846,4.572693227335871,-2.2904254323970905,-1.948644700526634,2.7353442506616066,-0.9824795963527874,-1.2585617650534449,4.9538508707316105,-5.35741439600657,-2.6272513204203127,-0.7527712038801248,1.0089319458890829,2.363007843286244,-4.1182788484448825,-2.5331142100345097,0.25273186278103066,-5.7477176008789685,1.0069537896261225,0.8977483136912899,-4.195394401510325,primary breast cancer
-33.099713999554695,30.223432467481878,-3.506325900366864,20.626042671550955,-28.51998664804236,-12.814802005140598,19.564528323264657,11.523626154679707,4.46291915313027,-4.6824935006182375,5.956066310207982,11.150758451316426,-4.748288189861419,5.7163207847267525,-6.270574992568906,12.454108377891208,-11.022043183161987,-0.5512982014081411,2.858980418381339,3.8440644848683974,8.243730443424942,1.870814611833375,2.175292526073829,0.6867081708180786,-0.2921827329557815,7.599680389586212,-0.38322453078388413,0.7621056989847,-0.2761650188281652,-4.551827784773618,2.884968763175348,-3.3701057355935786,primary breast cancer
-50.312838495465286,0.679461468158389,-4.039993049099334,-8.732048897820839,17.084591408239202,1.635683600895972,17.09607923077128,4.641059104846176,-1.163475953653742,1.6822641823579083,-2.7345256666325337,0.03335350587599874,-1.1296921207085124,3.368150256695776,-6.973729213550629,-1.8933861076328042,4.525877062490051,-1.4084521413785467,0.2578305592205612,2.858243060324623,0.2644671745640156,-0.4840921036415766,2.1025637848847443,0.14046810117976657,-1.4389483506036287,-2.568315193641408,-1.591285553137062,-1.9757607319306338,3.0143735532197256,-0.5926335961504496,0.8451902809445563,-1.285833790300072,primary breast cancer
-30.984730182763183,-4.151665074713513,7.007201691171792,-3.532105354875223,6.600889646226147,1.4744236556201873,3.926491719784492,-1.3993369176757633,5.647255586015545,-6.850044783432848,4.560140250019833,-4.168176192629142,0.776147611349764,1.9197657294569368,-0.913660301887253,-6.0021436512900275,-1.076260230677496,-2.6490112061666107,6.879270642760377,5.5918310652862715,3.014471872988966,0.1336287092748868,2.0901270427795335,1.9703833417929597,-3.2587035315158537,3.296537720961633,7.10075895488167,0.5520938401401354,1.9261285354572921,1.8080075816106136,-3.6556374264741107,-0.9315867985744197,primary breast cancer
-13.359525432244112,-4.787435294214917,20.779048056414595,3.698920075624248,-3.9952838108539686,5.703273590879366,2.6396331658910652,-2.0506430484362324,-0.20251750299581592,-8.829470811807763,4.035004584919967,0.09025470477828942,0.4310968910898511,-0.06081384663059344,0.5132142363376236,-0.8352117278515636,1.3162589067083232,0.15828900023858433,7.375142378094766,-1.6369005788494162,0.37773507457228644,-3.5094394513951235,3.844121118415672,-3.5162536884213713,-3.486717556886294,-2.3196965070339792,3.3552290905893227,3.33108593339925,-2.0055407518790944,-2.3089946418934737,-0.5289043128992341,0.9757296475911992,primary breast cancer
-34.96545775035685,-3.644841438386843,7.608184756181957,0.3923363616392761,1.7062851202868439,-0.5838541332576661,0.11681199197050054,1.3445126444141868,1.0217151735452017,-2.4823565270061816,2.1614204439541855,-2.0511676979431117,4.379019832564982,-0.3224060526644201,-0.9244159876147979,-4.512457155937481,-3.6522845098075516,0.7749791193405692,2.100936223296137,-4.696069545143948,2.0925250437151335,-0.9332021142063517,3.853629267920866,-0.043773132855421414,-1.0053677653104718,-2.7264166808817665,1.8470013339648226,-2.2394012151279346,0.7626569126017677,-0.6488787370338377,0.5602766186249656,-1.474823468145641,primary breast cancer
-34.25993356345345,-5.123368847930275,10.338735622032209,-5.793534788810213,7.772321778009932,-2.437103179217856,3.899299647732284,-2.4863675751943903,-2.0982232967409735,-0.5345247880403172,2.7284789844256445,-1.7940247647642276,-0.3489729189905872,1.6445458565590758,-8.401717751076317,-4.181323391671579,4.218986187376989,-3.3741474782666487,2.284953050886022,-0.005451080557637251,4.963072200590982,0.1532746832137669,3.455830385854369,3.4352241404562824,-4.088726922464265,0.5775657863768968,0.057804575699015044,6.696509875872932,7.739870429213751,3.275815909647326,-7.22039666495212,3.1950010598782574,primary breast cancer
-21.429242018087898,-0.7255692832086288,18.949596191696322,4.26345708580862,-2.4883367577126987,1.7334884006532754,-6.774950276922928,-4.373266190687115,-7.957906514901378,-4.689937678924113,9.668953191506407,1.739913579735859,4.12548143732114,3.6776490263114643,-1.9448330314197957,-3.162131242250948,-0.8938236705501252,3.0320633850145957,-4.760982787539348,0.39558383871841196,-1.7817359899261833,1.6609619046727317,-0.7745226154549237,0.7836596843446723,3.676377717841563,0.053599896672745034,1.7342972925388667,2.750105001131568,2.4643156820896515,0.08933617267829835,-0.25370975834768106,-3.19097349426655,primary breast cancer
-16.98192636010642,-5.891117156567259,21.323716056678535,5.929259975594452,-9.949052953970078,0.8202043122242229,-5.55169416543512,0.8127261132771711,-1.6335917027444369,-3.1012928057354827,10.307985737064453,1.5551923656572866,4.9327550703789,4.639753636195002,2.2070277567209122,-1.139519314254835,-3.850668076370097,2.301591767355248,2.235237447269948,-1.4475347381547352,-1.7871489028485474,-1.1631294201095135,1.315193078289763,-0.281697872830341,1.7956854522944146,-2.133964085422639,0.3381688313048177,-1.2283640473602002,3.0352316490541433,-1.9609583138670434,-0.44366428842339684,-0.8343113471064001,primary breast cancer
-14.07640714549864,-4.342997189434732,23.382450805306643,5.868339653757924,-3.2259728916404007,-1.5468054681719057,-6.044393303589568,-7.050931789238274,-7.847723949583432,-2.217750026784365,1.279517333161328,7.084296957084078,-3.1737458583981115,-2.037456555842453,1.5017182890291845,-2.2535793907395596,-1.4772321533446824,0.27290682387935505,-2.948974120447706,0.2877770296683246,-0.7169605097608646,-1.31518938436318,-1.3535335078129827,-1.5807425028018747,2.2166722057620674,-2.8927373973560164,2.9522884036503854,-2.178313323021627,-1.7239243862974674,0.21179140358474347,0.5654315650399271,-3.8277366759742977,primary breast cancer
-27.771509679065993,5.217794631294277,11.437367987653088,11.132695786024648,-14.314592331820261,-3.370069653504476,-2.555414979370245,-3.1144412610768932,-10.601572536537773,-5.3648786580289025,-10.276856281076613,-6.311797940563027,8.812147641657258,-7.062946028810996,5.514971530352648,-0.867821135917734,-6.153333882201665,4.320366031891184,5.1741225156956885,-8.313818384172901,-3.525838405490498,-3.799011307392741,-0.37076207228251834,-1.486648858115048,-3.7751078079007954,3.186218415414544,-3.759879221955152,3.2693797418158055,5.2434970496480275,2.716127899734822,6.0162745875449515,1.7601137422650315,primary breast cancer
-50.963516940835156,17.736778852205667,-9.78056684181713,10.230652407883383,-7.960247789100541,-14.390823157970647,7.356926156082681,4.817410571938192,-4.07807557093988,-2.4655707774266697,-11.325028071146445,-7.333522988343584,-0.5348937809634933,-10.167765996096648,6.765129180448439,1.6884959924860674,-3.104576223766995,1.3739496501413462,-9.432836396355755,-5.345959392043475,-0.9415324282367042,-1.7750688588227983,-1.107785561187836,4.3620651432859825,7.688558931362082,-1.3577591089007839,12.561908304588318,1.245144062646259,0.496907594222087,-5.405469301225238,-5.106238718845001,2.56843293467746,primary breast cancer
-15.648375628250454,-8.957332186319864,22.660122494251247,6.911204370229692,-5.845040546763813,-0.5156348302245116,-6.894425478535128,-5.199243331912883,-1.6658861248618586,3.1303608006054473,-2.5966731401259042,2.7914783877325795,-2.5104263607130908,-3.2749195494323065,5.529059981183011,-0.4831028660216369,-1.4840895372467744,0.6626787373620205,-2.126299502562104,2.5397253072590944,-0.6074148534135793,-1.9185391304883554,-1.0884672439606584,-0.8595330625311571,0.31661750644365416,-0.13565717035364863,-0.3797117707641085,-1.2624119738419708,-1.3557934010514496,1.4093408941311851,1.5515147528658233,-1.4836328687646043,primary breast cancer
-0.1557812375925741,-7.799486547662802,32.02868104226069,10.834534345800265,-12.02698856004396,4.851749652301416,2.824209266864339,-7.769674782690894,-6.965248797185236,2.1512920053779463,-1.4621563219853693,3.2112795995790364,-3.789913329272384,0.0448408682520762,7.500581699415649,2.542310103164518,2.126590205560321,-0.05747870978871512,-1.713267241510343,0.79965141371933,-0.7601029875625963,0.3778178463263262,0.43526916513143876,-1.0092717428103777,0.9816572005962859,1.2386386252123576,-4.468376106294931,1.1167429748123774,-1.5744399531645574,3.5003380205924093,-1.2955778541451566,1.4834908811816214,primary breast cancer
-19.238983184410078,-12.868344689402884,21.237017299479593,6.206995524179098,-5.177743664286145,3.1503814687724074,-0.29778579922431175,-6.83826813351969,4.654843575621956,8.27915365035312,-3.815108339021602,2.8498783118592277,-5.5448970419872685,-3.9274821111832567,4.712715219685714,-1.8016213487569763,-1.9608954330085608,2.3159396631139666,1.673759887623625,-2.6940748327861437,1.9578642178851315,-1.3384523987934152,4.925475408390187,-1.9349924384232753,-2.5825569912254016,3.3393155372635444,-0.3908806581395007,1.7976294263558634,-2.84641807615777,3.8014794550572755,0.344174443252874,-0.29487313563151657,primary breast cancer
-13.703940767396345,-5.545469702327462,24.48753029514074,6.796552012358868,-6.5547471245199835,5.271724454391005,2.614677076720434,-7.820216176584118,-7.7747782193523385,4.671211462355842,-3.449424067898319,5.0935692952611005,-3.268476844961913,-2.3721041469774495,2.805087219542038,2.068411892872662,4.294330529451162,0.9523970199859461,-0.6953697090019048,2.373822541510382,2.546135059181636,-0.20047249895947725,0.9791529358261246,-2.679654933363813,0.14352271513189702,0.6939438515845382,-2.494410748428757,1.1520780954142946,-0.7074184036035338,1.8633855415107163,-2.7671772270401696,1.119356454571834,primary breast cancer
-10.918426143595456,-7.662629666628334,25.69893498832295,6.192814268894299,-5.418316032437585,1.7552906953181715,-0.4548512833547412,-6.619659593443953,-3.5177543646418554,1.3625156370182894,-2.9082164864978393,1.3361439507153832,-4.012309333570192,-1.7973605168040503,1.421502322780341,3.3445577233556008,3.608871128241933,-1.9423296200349505,-2.5709617393764916,3.527969612747792,0.5371101473315493,1.7993132335684006,-0.6443766397437117,1.2991041344798804,0.22558635481775793,0.44070125919077585,-2.1343123180187016,0.9886869155647938,-1.6127422455608784,1.591985089468251,-0.591215627171849,1.0240839331281797,primary breast cancer
1.052301728916316,-6.600092659563677,28.51709622192565,8.146830469321237,-14.494571601739485,2.680981635456819,-0.6680386800347836,-2.4587786656631607,-1.6551105912998,0.9976590539296839,1.3866271965436976,-6.544335463367335,1.0371083681078717,7.809810921893687,-2.4029521037312875,4.411688584486289,1.9019960552333328,-1.559419561354796,-2.445401056307894,-2.29936398130974,-3.627125790319934,5.225358912759851,-3.695059082346017,4.128623815101416,0.9677023979969043,1.5939059035014562,-2.252667714858372,0.372524913006503,-2.498068758720232,-1.420267637654871,1.1114068266811357,-0.06857105150885519,primary breast cancer
-7.481797126873083,-7.742326927232397,25.19776250073202,5.764058436923519,-10.162024877557625,4.112853523769246,-3.8994673227788526,-4.532847465098689,-0.25341124530715425,2.8082935786019294,0.7352208368344166,-2.6556231789323275,2.685980319125159,4.243907238027841,-0.8872958220755626,0.6754641419502863,1.3249977272753295,-1.6062065983381884,-1.8312729177769351,-1.4878705921128852,0.30379202367207414,3.063878302443963,-2.4413187451936107,-2.05157648852868,2.2015517979904935,4.069058083996014,-3.3854241991870904,1.43500915086534,-2.860122050739426,0.6676331305721528,-0.40537902023778444,-0.12009121268606947,primary breast cancer
-1.4933371560774638,-15.118508845682666,29.703702019313923,1.650245818795601,-6.093324503557055,-1.8146943278463123,-4.605299707656128,0.03331071078491782,6.055888272749642,2.189172920742593,2.1186593034337564,-1.4328847117640506,-1.8999116053521707,2.5341878283680552,-2.1393602953107766,0.826848502158983,-0.23674014407219104,0.18913090176401606,-3.3699733555166094,3.3378182307512057,-2.9680696138665295,1.330991690701755,-5.154913240461392,0.2635894342836893,-1.3784763430947151,-1.2440279391278422,3.6966929461254843,-3.037431508813313,-0.3151727438419192,-1.9210957477415294,-1.2875387786447567,-2.9744629089147527,primary breast cancer
-21.223480123511166,-7.398262190167277,15.30583561104062,2.02567188281929,-6.632997344429421,-5.980955992706215,-5.9909646613643694,2.697010893050325,5.001814239889269,2.9791586344365433,-7.001169485792463,-11.732597173247873,-0.1666673001081839,0.9545337672907066,-2.4756046512081125,2.4735460162682372,3.3720254147046287,-2.7355602253798135,-2.9466199564535245,-1.793166250817697,-0.9548598595837778,3.484109966929372,0.42773529167714425,4.062320394181255,0.06677078396821272,0.2587130415630157,1.2145561731026666,0.26896112069972083,2.1207255572514754,-3.2638286806014314,-0.07140999209795446,-0.7532610347398752,primary breast cancer
-28.318199837322847,-11.332832483708662,12.941344445219059,-6.198117832801282,8.991430824329354,1.3937119618804519,-0.4779693574948673,4.559769125357747,4.386090830651103,3.9075648431853707,1.6872305190990355,-5.505537517549396,-0.9983860874331686,1.1405602958824859,3.1167463352128024,3.4215788003168965,0.7021551229899541,-0.7173337057070984,-1.8767197646567204,3.0516532704086234,2.0856836345334884,-1.1367869152141303,3.5986645613194423,-6.375338666809754,-2.396489084854529,-1.7018472845281152,-1.587052293615941,0.9740171094014909,-0.14315965932663866,3.438317708851032,-0.30564748482902643,0.3846621599298777,primary breast cancer
-4.895711907568797,-17.427008843321584,28.756966773773875,0.20311148045798144,-4.865272665011123,-2.9428259760063114,-0.9992001662578064,1.7498511970753068,9.708883622477906,3.3736789950096866,-1.7305447912787635,-3.5702919065554792,-5.093365452972607,-0.2908333380773913,-1.7099483549399555,4.833783169147511,1.4771711241972925,3.2162463694506678,-0.3604376719263592,2.9586064692093825,-3.2775433881763925,-0.32716671706211414,-2.8309085503949967,0.3765727522759669,-4.35037302901715,-1.746945931331663,2.7140989284021897,-4.0635282730478135,3.546615313578194,-3.325666775415635,-0.07763457216375769,-0.8678298871165,primary breast cancer
-9.424860404931442,-8.41827712733272,25.115059407832028,3.4237114478774844,-6.259186878807602,6.8642653136662215,0.006959944605958413,-1.2057649242858979,-0.5292738292558117,3.585860568451191,0.5965771722811926,-2.6977798179276458,-1.2502955976641552,3.5672907274087344,1.9551752632083355,2.729752004873041,3.137736270075084,0.3680504630014568,-1.1342296521486865,1.6145380625521832,-1.5680473646548883,-0.7607604512894799,0.015473371888990103,-4.987187579499808,-1.4952772222362023,-0.32760056540713245,1.3798838862186045,1.3362404749849552,-0.8624931751225952,-1.4554824987178236,-1.2174264576279843,-1.0130278303575317,primary breast cancer
-26.27567211753427,-12.157051627458124,15.010344111916563,-1.7359060739888321,2.148230361638631,-1.465601456755155,-7.079134723323807,0.9485887904304492,7.3601493281409,5.053205994195092,-0.40383501248867304,-0.6379426829854413,2.6508848818351427,-0.9128832686611421,0.30549592154851735,-3.170305606997213,-3.796116646146207,-0.8726734767095613,-2.1033560388007597,0.7058876286858543,1.8111936261926718,0.31422843195571576,-0.6967265987930286,-5.18963074032646,1.317691997035085,1.5897491212690236,1.6566348040131555,0.08415520926814642,-0.5467663627081323,1.8612099896249032,0.6187520993725527,-1.3851315866478224,primary breast cancer
-23.228045071808875,-13.320962608191508,17.454306877560512,-2.3433147740341496,1.3588737134650726,0.8878660997900188,-6.534529502239129,3.0010785653668246,6.334522345826111,5.025722617505136,-1.3899146947194974,-2.148253073314566,1.43638155973293,-0.19000386472455782,1.095176736086328,-0.2271497164158667,-1.8683366982771743,-2.0296284960595985,-1.5936165990327824,1.41338571727014,4.070789854287218,-1.2874449833630728,-0.030866253114564493,-5.704952267959585,-0.21573620478981922,1.4858041395819888,0.2884437501943236,-1.3149006148900397,2.414090847115884,0.013838603508228733,-0.6979081847469225,2.1718316187990747,primary breast cancer
-19.3791539317685,-10.232708668801507,18.749789944531866,0.022386433839751942,-1.2031231717170099,-2.5746985468294263,-5.8955769412139905,3.9560766640550655,6.341502331580652,1.8606776651127959,-3.340693478957083,-10.414182558582722,-0.2681278623498237,1.9198578370772887,-1.006804962801838,3.7396096081448666,1.6718484791525334,-3.348586396236542,-3.435024698006075,0.9584331032113851,1.4777205927599704,3.325285465910328,2.851728591498471,2.4202816394297684,-0.4003181463984576,-0.5046717946078293,-1.2591955307548246,3.120003445911019,-0.060936161381769126,-1.2095992975647647,1.9682786536623476,-1.3211529102049857,primary breast cancer
-47.09174939825969,-8.076476757538064,0.4589664865959151,-7.4791698444365435,12.437623787460272,-4.008684616956032,-0.6504257439957454,8.535073023439733,7.165575640933003,9.464436324893096,-4.918541906319046,-6.917982961688085,2.5578735463640605,-0.841204299632759,1.8353252074124196,-2.1567371223930665,-4.4980374525779965,-6.065209574281473,-5.765752780592696,-0.5190652182866351,1.879859115317778,1.6109350808778378,2.5416166346971365,0.09525114563829046,1.6094812626802761,-0.20872189335192273,-0.9135187393010017,2.681446796991619,-2.2010073267570758,3.4576450497829287,3.4967874741430127,-1.2824841029405996,primary breast cancer
-30.55301224117334,-9.631433049167343,11.818678485545895,-1.3791635215815399,1.0023220844143599,3.2066520082055123,-5.875500607632595,1.99630550946382,4.650242237375742,7.503884550612499,0.4067882510210093,-3.8755820161625834,2.7091914043164027,0.3650790326421511,3.7573553472514334,-0.32534479555875084,-2.046766438893592,-2.5861711328998465,-2.57438784671903,0.4451724265990727,2.9106766539026663,1.450756137998769,0.47466747460404196,-2.777464557027747,1.508147090739168,1.3012781521055945,0.8179270583901062,-2.117270064230322,-0.47532150997807315,1.4400968635803333,-0.12879897377956642,-0.11127374277213319,primary breast cancer
31.82556293610607,-26.644000694472624,-6.698512981611579,45.265729455171105,23.574163547135512,-17.66364072488129,2.891770214682192,2.6685356308510952,-6.020864327236356,-7.65611069288505,0.45328656964474573,2.0568518787351175,-1.5572362869495568,-1.2537541398381602,0.2543713609515088,0.6614640777532202,-1.5934024911428608,2.3188129811028686,-1.1791635443653607,-6.824967300613468,1.0696220624911628,-2.178906034829235,4.058715369365233,-0.6305363920122801,0.6572745637867979,-1.509619409736969,-4.336098854498773,0.8530522022111177,-2.6192256053692744,-1.6396705868321186,-3.080569152191907,-0.9508197916092115,primary breast cancer
16.042744531874597,-25.62357052160377,-9.211409924374948,37.909267632308584,16.072629034335424,0.020403963703772662,-3.249576804874976,2.5530236371000163,4.988628112824582,3.5689204355925117,3.6007715822580666,1.2892771535677967,4.200272251896846,-3.2043905361757106,-2.7773184215073856,-4.135385168197908,0.0066139223642061595,-0.08130461607147378,3.0704331180687734,-1.312256742288363,1.6315010189959178,-0.2581969858120766,2.233525546730349,-1.199729472223058,0.5150365800575336,-0.5464713261605395,-1.112449486863803,2.9195553091532482,-3.7556560864030817,-4.075092529887439,-3.332305832611108,1.5844163297964176,primary breast cancer
15.401017006791495,-26.121284103794274,-9.035613665918463,34.3163746636097,27.068563329861373,-17.070795045132478,-6.044656844345341,4.810537207942103,-7.024028809870389,-5.52710902330224,-0.7650583090588632,5.2867725156471375,0.9286221348211914,-9.292536761708972,-3.7066144230265947,4.244472298128091,9.34787919836982,-3.1993173141655404,1.0998842517531169,4.436108433256573,2.7792080980028326,0.9071762423033187,-3.5004138038711665,-1.013632469293943,-1.162281644504577,1.5910990718976668,1.7270940277128617,2.091685137862537,-1.104264836969251,2.7729659888014297,-0.22280885133261374,-0.23300665788270467,primary breast cancer
24.27510264177119,-22.01000323127827,-1.7834135072291648,-5.0709552174761825,-1.6204179161577585,-15.352531122394462,-2.432763583276349,6.506574125551391,-7.043943810291298,-3.7885864648224787,-5.158440763375972,4.95386746196114,-3.392713734821672,-1.7957748330974397,-0.40957822791282406,0.08584917292455725,1.4055339416901584,-3.999644443695835,-2.5366522831505103,3.439181045193873,-1.5458888449738057,-4.23468792199255,-1.9971253978598935,2.271569389745739,1.3328106756026172,0.3971208246873845,-2.609382838718925,-2.088410845520957,-1.5578382521490286,0.24893946181916324,1.8660020388715566,1.0747610258765365,primary breast cancer
17.469731345662165,-28.64749143869616,-4.652041966006592,-8.35345718870529,-3.9736985379673957,-12.952660181638823,-5.051625265946607,8.577985831318713,3.4439132468309492,2.0083990137911667,-4.067003654689142,2.628930213009628,1.5032099080635166,0.6045828900369706,0.8540345977473512,-0.44888808882790393,-3.0360025302801823,-4.419965732995297,-0.3190444295850396,-0.5284491321866573,3.8142145010440647,0.5164156543198682,5.024114350922843,4.746726638672745,0.6750926559424008,3.6950469944385786,-3.7504620979975867,-3.958362623741631,-0.8799348769518258,0.12779854409783847,1.3721043441923624,0.5608313164354696,primary breast cancer
-9.428223244643338,8.403126145824915,-22.536498573455972,6.305088012714331,-23.592133752245935,-15.05555059558107,-3.91950445187011,3.798430936870411,-3.768383946167411,-3.3795427340260673,-0.14712618961280813,-1.5662430117226938,-0.059613712238319835,1.8456458107377316,-3.834068663973261,1.3935247736583194,7.51640733038441,5.23716808770225,-6.563841302532115,3.118995716046875,4.492774692813519,6.5524195469427395,7.709093619935268,1.4124254345458747,-0.6810265889876347,-5.251077431685418,-3.6931238404680875,-11.191771679400249,-0.4241703934009894,1.6773845295260958,-2.1032472400378595,6.4694821536585865,primary breast cancer
27.699444552480283,-25.067336805624176,-1.2816172304696787,-7.458543181142907,-6.622142557107532,-8.351706714276448,3.315158641638523,10.201809465382334,-1.787724239726473,2.25871690364161,-4.015830364270942,3.723182851802156,-1.077174171171669,-4.6834263082638765,-1.1769704210598695,0.20163951592935053,1.900813350624617,-0.0038104966355441425,-3.8752744455492096,3.241230066166251,-5.958401203962174,-8.154694900321235,2.2648082694072578,3.5180324195006305,-4.595335765432577,-1.7715584590042286,-0.8745904656520325,-0.6204433316060323,3.93712233551461,-1.4881712948368429,3.2125437789993767,-3.494703117709666,primary breast cancer
18.40055458678426,-27.64941281962759,-4.954401084126472,-2.42741813949696,1.1784075983496378,-25.12273028876488,8.43808947679493,4.7181697529172,-5.777385058168469,9.47177202820298,-11.864508405178066,13.847159100701647,4.281271052933831,19.867018536352177,12.988079298135522,-8.737027048067409,0.14227849166292578,-0.8758403966725417,10.852066412764474,3.0164483712540027,-5.574808165999291,11.725899831759815,0.11266568676867504,-3.724172690812698,3.476144625414129,-3.96793152617777,3.707043367846791,2.290356990900158,3.0598191263768846,-3.619337929652862,0.17295798791111325,3.2963648496883984,primary breast cancer
22.484986903373475,-22.899857218055523,-3.800664056267116,-9.587650096655683,-3.9557834131649723,-8.380922932794544,-0.38324632283830984,6.766458267711871,-4.473470482750003,1.736631314472755,-0.5672158730266685,0.1519108220351375,-2.539834993900336,2.597892984520801,-3.8239429503692883,0.6568158509175637,1.1838700136982068,-0.80815036264488,-3.8901406765942985,-5.00553585390592,1.968598086340764,-2.502838761617811,3.8643386024263355,-1.655377317544189,1.127631762304501,0.02585097561130656,-0.5798391073476095,1.5758937500050054,-0.4456834681944895,-0.4130318225858704,-2.7648182030730584,-2.227372942468139,primary breast cancer
6.454521654397232,-18.369466100631556,-6.777485807818487,-5.512897639551237,-4.87214538604809,-5.508860187180137,-8.487795319896511,6.722956639568141,-8.142203805662781,5.172132054164261,-0.5690465214882711,1.1987837745795553,-0.7616660463035906,3.692513895079017,-1.8018416313806789,1.8566354348609102,3.324889913075836,0.06461929997673876,2.748430514746872,-6.176711896840884,0.7347157470373111,0.9551360936886975,-0.13042863640067964,3.4138586754864275,0.5772359359210909,0.9058533920819519,-1.8861532558430696,0.7309850085088114,-2.1795954853271398,-1.6183858464299858,-0.6511965738739857,-0.6500383489682595,primary breast cancer
12.7414373263633,-20.61935510328406,-5.820966735643536,-10.594279585460322,1.2976995749774876,-12.696328122833778,-6.270985235193197,8.84223864144561,3.3421994119136036,-10.38825651003664,1.4891527868711545,-5.918633919779459,-1.1448007322916403,0.10366980983498202,-4.059595874069126,1.657442507258116,2.185758809616773,-0.38057147545659475,0.14340584846486523,5.453387719805336,-0.4364328869308368,1.8384788239161767,-6.398273577451206,1.0319306275338294,0.45388271403037633,-1.9684801321146017,1.5584704637756064,0.742062933755516,0.5815682009037284,1.0851331214757172,2.955381227386331,-0.03305870202709411,primary breast cancer
-5.197399158319256,-14.518426261221409,-11.167114754761952,-4.274430479965731,-7.898502676790904,-4.518990102213608,-11.9860864238202,6.234918972574809,6.194397678730604,-7.854224429955824,1.2302039557436126,-7.800164577821208,5.561155842930218,3.229871518167512,-4.098766103005207,-4.16633371872207,-1.222306008738908,2.717179832978046,2.391144944774448,-4.961260929721882,-2.010499286336943,3.108031856533822,0.209005498993808,4.711150543207953,0.47675721850328,1.0382068331208103,-0.3351360742796871,2.3252375943530343,-3.5294977582483127,0.4138942194340882,2.609970925728571,-1.4266718287190219,primary breast cancer
19.17355404368176,-31.01691371722141,1.621848561669331,-10.571313947241144,-3.364548055212421,-13.891233704365643,-1.3940335042539853,15.260240757716877,12.875825252786633,-4.508592488039776,2.751037458141262,0.7634186171709638,0.029955770668370366,0.5000047944482714,-8.488606684572922,-2.9755337898280017,-5.2475292822843,6.730140467783834,3.1550292136667686,0.9473486174522724,-4.563461493001792,-7.861851357873355,-5.04354699542352,-4.210768366719395,-0.6485319235359507,5.893625014453998,2.843771696551323,-0.9701392500329044,-4.431104420941435,7.1917095693737885,-1.468173546590267,10.172812867474564,primary breast cancer
5.742785275044224,-21.746547654938198,-8.226018946748066,-8.089626405883928,-6.585704458842195,1.564853200285306,-5.60400355909865,8.598616910245108,3.3975468548745686,-0.06771100406833029,8.808354268478597,-2.835798576181227,0.8092028630586041,2.200413367829956,-1.3576782838550154,-1.0467195607668371,5.208547815534648,0.18352868865746,1.0650492760346186,-1.3103058256566567,-1.902875763528677,-3.680282492373778,6.548301974574815,2.9892680524192623,-0.7716943553542644,4.2851915394248445,3.123637765571681,6.536810857797652,1.3605029968408304,3.10227710333792,2.1737323030831432,-1.3052876168927883,primary breast cancer
-12.052875800464589,-8.971167662401694,-16.614215911296277,-6.341887203295714,-5.428424185685864,4.154909178764157,-12.300568275537852,6.046229647522159,-6.6386736795455015,-3.4006692470261237,9.008909552791957,2.6049138529049114,5.427113971114413,-1.6584025666026807,3.3040228803308733,-1.1387316956964935,1.558791981212228,1.5770400989039752,-0.6077841355130542,-2.2470787967907455,-1.8741932955597738,1.9942541732761472,-1.8520837055956694,0.10759917025163585,3.495059921151438,0.18273555887127133,0.8570816902937818,1.0653337574349455,-1.6787048794764128,2.2533896529740605,2.474536089956156,-1.6620148851105672,primary breast cancer
-18.020554954458174,-14.474486322487449,-19.87276352144714,-9.44997624349792,2.1849989727289607,-0.47672606845431936,-9.001547286177145,7.593650528746682,-3.254282622844641,-0.08429145287060152,4.380943285462852,-2.5999996624608177,0.9450367211166663,0.32158373150698305,4.679867719316572,5.7236462186357375,2.248381715535491,2.1855432453305013,-0.21768314020424198,-1.3273650053244752,-0.4330246363665438,1.363453392149107,0.3266008318255492,1.0242794196078273,-1.960271401272853,2.1261596332954222,-2.636838193521701,-1.153631529204207,0.0010901309702173552,0.3215263186119259,-0.9678234691481924,-0.012270861775901098,primary breast cancer
-18.75315191936137,-7.069832837776754,-20.507815919136522,-6.005209180562694,-3.7151841010969555,6.750345960809919,-10.568257170958839,3.8761720432749476,-5.888432641692391,-0.9860813569207395,6.760974363883255,4.07912360445506,5.894654632051788,-1.3170853440698798,1.8760164673982527,0.8475777281044421,1.3312753361480032,1.7895561209164768,-1.9283375045365365,-1.3940869239724691,-0.8228622805480421,3.2427510966952773,-1.529553018163946,-1.2749428375663672,2.74465068420727,3.0829163816543925,1.7807488550606763,-0.1275072953149676,-1.0170249427044806,1.1774242756622968,-0.3822027114244488,-0.7639394584915501,primary breast cancer
-17.93181406908886,-9.310838368578972,-19.17241514469139,-7.861666211334318,-0.6186074291100151,5.431521700976944,-7.118956467064726,8.1082770146367,-8.78177647370766,3.2038359796566054,8.186668941355236,-1.3929510842181874,1.156843081279217,2.2582563965622775,4.580079620186957,6.945630778026192,3.071063647896211,6.971253978258242,0.11269018725493185,0.6423088533351001,-2.8081260043978533,-0.0028722408727692612,0.31003631314141167,-1.0803088728343262,-1.751503966886773,0.9435169613138417,2.041762660165712,-0.1210123233755145,1.101958339352407,-1.288051517667087,-1.2525374450817677,-0.9584827810551987,primary breast cancer
-23.32593686702467,-4.339739489050795,-22.517037374809934,-6.040117818677037,-1.0866940384478785,6.836740522193135,-7.884886689633369,9.472360722754111,-13.634362943568558,0.5119684871096243,7.6780933711696955,2.9242902878910253,5.67810412071467,-0.9981147545468649,4.852941744331171,6.3746967104520795,2.9024284579266713,5.706011471731725,0.21173255423884885,0.6457629967451395,-2.4824599429816847,2.122963618480579,-2.3707456023357194,-4.083854969923973,1.5287041082991883,3.091736580322375,0.5822894420621888,0.37593446977192563,1.220123961003189,-0.809916923746324,-0.176626705930298,-0.8163325658991308,primary breast cancer
4.254745388581005,-16.608769045440532,-12.333178947988475,-2.9194520409284705,-8.789089438650972,5.321221836200972,0.15698654037978813,-7.383428807662146,8.42092686355417,5.8801871315560215,-2.644668765742926,6.586560792946606,-0.48104484518298746,-5.6721481309287745,-2.888246740615672,-7.307354934948709,-3.6247021518537377,1.303429844509989,-0.2696739734516294,6.057738368466106,-3.482975752331443,-0.013279515755760038,-1.613947081250082,5.191672675946157,-7.436841067234455,-0.6486760043044374,0.7742313355947755,-0.3548727498537601,-2.2672481466642957,-2.3301451495647787,-0.7172743391227256,-2.0070907354017433,primary breast cancer
0.7556980106408238,4.26160974144422,-22.10419809434217,7.462416343819235,-24.31262084708963,4.193141252657298,4.760447110520724,-9.006007783135054,-3.0685258865754306,-1.3469974217040055,-8.209282464201902,-0.16858494079838482,5.009721124434327,-2.5921292572865253,-2.6462603993712883,-5.931960180572251,-0.34913048245939066,2.4483144134804466,-2.5172584994790745,8.583262230846472,-5.038592125797376,-2.2258995368855357,3.2752780894433418,2.167204989416457,-5.183228870582842,2.9111702448388974,1.3207535772125993,3.6395044615709695,0.009189577950120082,-0.2833451010224891,-1.882644658493285,0.3884472660989443,primary breast cancer
-24.0192357521329,-4.929212713772244,-25.00976627804209,-4.369166814453975,-0.5587080928948587,2.1084141886291676,-6.237786617089387,-8.949248459494127,1.3125882651088283,1.4345701718566222,-6.5055151902027495,4.739549306611221,3.151253217768058,-5.718963532516544,-0.9074551962718865,-5.3016256367576515,-4.373449535496521,1.8995380179546142,-5.105744052230872,2.9960555028962146,-1.0406558292973107,6.837438519374585,-2.721518616231299,2.769289331020661,-6.120017075260127,2.2794136983530673,-1.3969516666526605,-0.21242500380671978,-4.441390553008616,2.008278445308943,-3.3235670746086967,-0.7818855047253946,primary breast cancer
10.002602505135618,-15.10509840986971,-14.698517477399061,-5.547820835602098,-9.429258953510056,9.40335319006711,0.4730079446681544,-4.144618490625017,2.485217793416622,3.101795792240404,1.6114773456946756,6.30551013561904,1.661915132510076,0.5022307234284394,0.5142819843466626,-5.757301736399635,-3.2602858013861433,2.2851623600812445,-3.5600239978716286,1.315840680664557,-2.036164282720921,-2.188699291230676,0.6542810241809449,1.207435615689614,-2.18364325320752,-5.220170387624148,0.19354440172866605,-2.191197396985571,0.8643493972550497,1.130986996226436,-0.7681040317981567,-1.2883093687829195,primary breast cancer
16.059692504622255,-7.280222767610085,-10.939135901283239,-4.169637195813244,-5.6052569028700585,6.675847611218821,4.141778008679342,-9.1198772635544,-5.539425898899432,-4.633958881185774,1.2910053713891616,3.102985923706231,-5.2451764775927865,-1.5179293116801194,3.168972807265193,0.8593646229289854,0.06709222461264323,1.887652523922157,-3.318025502184958,0.2656986125078166,-1.0840520058193017,-1.306758346828388,2.2286832062603636,-0.42394811333258586,0.44247281329200233,-2.0566407453599136,-2.100647838998129,0.41184375128267803,1.7810440093257758,-1.0396114212709198,0.27493068900768247,1.0222361980188082,primary breast cancer
1.281195475087134,-8.620485364377847,-14.803950500256184,-5.358947005101532,-3.1746585057136514,5.00207136425046,-4.915303775084246,-5.404803517880002,-0.1379699063881557,-5.245042811978661,1.0650083678456777,4.289295403918849,-2.2582050960533557,-3.6761882720069434,1.8814301137424043,-5.1614650322483495,-2.804073437284702,0.12065622374948132,-0.9392395539680298,-1.9444777185304487,2.6311508425960763,0.8837794056200591,2.4638825965911164,-2.0215634219696077,1.230788147923807,-2.6960092619042837,-0.01065464605327658,-0.6928838463444233,-0.53359849223467,-0.07948922440565953,1.2203409079134993,-3.660898902948746,primary breast cancer
-0.008510836495722755,-11.712248766594065,-14.762567743826269,-7.079993459104909,-0.38316561265733134,2.3644612093566817,-5.15786759727279,-5.016469196014377,2.8509122241958726,-4.202969276547807,0.09234042684139128,2.8046983093618647,-3.8954392389740633,-4.586768012538938,4.295245951679462,-1.3505328626178927,-3.180785777986123,-1.6149682075919414,-0.7583821031480489,-0.8220519301817426,4.204415090427516,2.4576674351616767,4.577501883537087,0.5147709943644242,-0.39623251026351813,-1.2279941246331108,-0.7928659976810135,0.7094331510140253,-2.360993841073549,-0.2923811357415725,1.0680990475468013,-1.6521329614525322,primary breast cancer
28.162133470046204,-8.957267145560898,-8.72030556413494,-2.819055564354155,-8.768987802687578,9.790592094695592,9.65852351216908,-1.0436660947113388,-2.466371083992677,-6.854969915609531,-1.6860648750143996,-3.3010582005895737,-4.077408673270824,0.3490874190027898,0.9772318841320552,-1.3351782718844063,-0.8584908855980253,-3.4708835332430406,-1.7144312819596605,-0.29206185435938053,0.4958292549355354,-0.1694388397513297,-0.08570805905891521,-1.29519249328368,1.7538192531202406,-2.884755425314878,-1.0229916256656946,6.359717769768784,-2.6427735570208277,-2.618951631834103,3.627155790738695,-1.4247647812460909,primary breast cancer
5.667404929690054,-13.143415312470541,-11.898896724900904,-5.59266155607066,-3.789152892826391,5.0251009681201335,-2.792460180350744,-2.659263431305368,3.825143345103465,-4.278983724745866,0.6969008979543972,0.5271637595500429,-3.490597646048913,-2.2556426690906393,0.6571407533814162,-2.5716948356039766,-2.6558823303854524,-0.24651774124298403,0.6909045943197669,-0.48650434641929347,4.3096019916699,1.922221761339496,2.8428734085945297,-0.1286330037907305,-0.627283192826773,-2.639140010854863,2.3391188190685295,0.7145365464622452,-1.6802574277820412,-3.131018363955262,1.6677100837920547,-3.411491813424754,primary breast cancer
-1.9694153577470779,-12.015902310938353,-13.57078664766301,-8.067804552977542,-5.246231297521026,8.151483496694663,-4.830346487561335,2.2335471183176283,-0.7371903480133701,-0.7366022680397594,-2.5822769672221995,2.7141941215022842,0.36413910376489145,-7.216519711578298,0.8381971580558828,-0.4756449281924792,3.799841124087981,-3.7191069360353484,4.934674338885481,2.8731013498035227,3.5288669877315746,2.2765216475418715,-1.0157197050668958,-0.5232827607367483,-0.7984156901512396,-2.123712740070448,2.343594748886009,1.4636997023239862,-0.7981650368097419,-1.952559330420431,0.7652825363464822,-1.1432885565090007,primary breast cancer
-22.606831283337144,-4.103074069684221,-24.8909026644585,-7.564368649745604,4.0094224669592675,7.361956523800351,-0.8688325931636912,0.9212358673509319,-2.7351943639724814,-1.8805404583121708,-0.0734423585176761,-3.1158530707681074,-5.5713099130021995,-3.800557821708065,6.799029444554683,6.7037534621346575,1.6790678994606774,3.630393884260253,1.3716276618301046,0.6099254018017898,0.45122219158853355,0.967437982470573,1.9565185580549438,-4.951372561816867,-4.3273750339637544,-1.2973364925624296,-2.1309198267078884,0.27498806736671416,-2.02313167232412,-2.255180428524737,-0.7193759595518363,0.8732658482530029,primary breast cancer
-13.157840196580405,-10.541148630871554,-19.364598252577473,-10.507221757277122,3.790129273683243,4.953647662255652,-0.9727325856763739,1.073575901214791,4.098788407502708,-2.7430879789428353,0.18715919045120935,-2.4213996108783613,-4.288834544739792,-2.4283080115259845,2.1873205992467843,2.5865326174676206,1.918572737441313,2.676873637987748,1.4961342358361462,1.0564792685078819,0.03930564214083057,1.834633369529043,1.7759927108762095,0.2795101467035638,-3.764542392333826,0.08447015547448956,-2.6221545753855415,0.3762467426980274,-1.5834205602070768,-5.204814125532033,-1.476240413207566,-1.4166615033153465,primary breast cancer
-9.232487767562775,-5.529134335883243,-19.22007104748696,-7.153255835852543,-4.357094573553623,11.374366785607462,0.017854651746467144,-2.777222773496911,-3.0080440997437408,0.19701174548757003,0.8629933349904304,0.9239734734624586,-1.7195997211596967,-3.3470314785418807,1.2424056958485816,0.3006212883358477,3.0776783185631245,-0.28232663550155696,2.7194940469282143,1.1181385010714635,2.024237482227624,4.012090917225001,-1.4413566546681778,-2.8708105939874744,-1.8303647370094955,0.6961565582568041,0.2561204532004403,1.4644105270883951,0.23340968976476648,-2.2030892212874766,-3.16816417714967,2.5363490015990857,primary breast cancer
28.931337239465662,-10.325202970027886,-8.346878719300404,-3.4297823785782873,-14.269549665407698,14.226073238145041,12.187868563237178,-2.0667626187426427,-3.5583717894740237,0.025431040119953188,-2.021676955332187,-1.8659175277538764,-2.9127921231226237,1.7511722147594362,-3.0349277583824112,-0.6938816439036122,0.21237450096006735,-3.8340127464367018,0.8842367080055185,-2.875921850970988,1.7567096660149613,-1.5800265988682816,-1.6704156815990725,-1.7902593097292867,4.5971165035170625,-0.4882434885171443,0.01010518820753011,0.1960517581415473,1.5195714942524652,1.396871638411292,-0.6338953522523708,-0.11915559022081981,normal breast tissue
21.780415506385935,-9.297343559757069,-12.928044982875134,-2.7508208570025756,-7.809774723979936,10.472994584243184,6.8108976142115525,-6.42315699183381,-5.76453785795036,-2.578141662287128,1.128781128456872,-1.2431354233484067,-5.211222971715266,4.63482182026558,-0.44630066271119345,1.6927763126810396,-2.03842213728908,-0.4741131233533678,-3.3894532898969074,-1.1354848248076854,0.6612791353392431,-1.8273699093634987,0.07998074643573334,0.24081112521519346,3.210073778421737,-0.8328944657026547,0.7715591908656546,0.3301878493360584,1.0135160390090976,0.23155141999660225,-0.8234446691068763,0.18972562107468752,normal breast tissue
18.527688702707092,-13.513622154086539,-10.102611000963401,-4.48825905735714,-11.499054828002869,14.533576816625148,8.851524985795825,-4.802478136424803,3.811938785056237,1.566300703382978,-1.7444962585050032,-1.3072557474755258,-2.455305329970934,5.030885915833457,-4.425470255023156,-0.23576811828397695,-2.4857439543148288,-2.825130631649035,3.400632205537328,-5.973733257611098,2.1385412372176744,0.801567543991588,0.06357589777535487,3.1958579931339375,4.821458881287027,-0.20850805241548176,1.6828396011752875,0.16267210452745212,-0.4431337082057578,3.216451847597259,-3.0082980750344492,-0.7694183009673495,normal breast tissue
7.219428909473107,-5.967579540808226,-18.33161490326903,-3.951020978300864,-9.346856263583152,11.847680505522543,3.950332689342328,-5.821725697801289,-5.693364730763716,-0.381284374005217,0.3053583973595387,-1.7396323233385291,-3.946005692470686,1.4005111629327458,-3.1135481537858722,3.98525045224743,1.649926897720294,-0.0062186463526605175,-0.12361333055405543,-0.044732785804186256,0.5066165959830033,-0.2933384076683321,-2.6127090522068657,2.0629623873529104,0.7041673306866855,0.9665315858268937,-0.1384265267889098,-0.24089312882269764,3.2708636521209202,1.2062717385917114,-0.2550847951527604,1.600183289807201,normal breast tissue
11.423221272240887,-9.04704066592865,-16.497447945526844,-2.893111253719692,-10.825403809997658,6.844417403842079,-0.6173744716195341,-5.447326866646791,1.0620335876703464,-3.83993489193704,-2.696233009583404,-4.727753158671851,-1.472084339793138,0.3727334440906269,0.944398122647695,-0.9419416162283428,-1.9842674060231162,-3.0099979524620286,2.9498283042404814,0.9469467777082692,4.731541522073037,1.6933488348698624,-3.5274731169021774,-0.027622148348995457,5.06561526184379,-0.02954338143914422,-0.30631271288092093,-3.436514437334962,1.524155372463656,3.945248745756404,1.3055787033525645,1.8569702549921,normal breast tissue
3.770240349339511,-7.6678083685004,-19.16588970598443,-5.423361443217907,-6.267387848599971,11.99293459562532,3.6346965684380033,-5.71614982286722,2.7002523435576737,-0.9034787901217227,-2.79912337631417,-2.5527730249960476,-2.4709572954575494,1.5761730916182861,-1.7319795023342226,4.020816692511304,1.9867204567233756,-1.0187025532512326,2.341906737094725,2.2303180599916512,2.658048567429688,1.4342080823212773,-2.1253818367800372,-0.5669063951523485,1.032549055368662,0.5993047325188825,0.4682095027518171,-1.7081754572462926,3.2290309578084035,2.6539231601459097,-0.6268250980852688,2.9931121930204947,normal breast tissue
22.120443475703027,-14.435799021637495,-22.802013182595875,35.01577202761494,14.508500611575068,12.650140886668668,5.102178777031476,-3.2880209302056462,1.4825928908971755,2.3260092822264684,2.0302791123597523,-6.140817723499922,3.806952728483517,1.6289222353445716,-2.6028741456269247,3.8393215758616046,-0.07994742644030044,-4.100683643741287,-2.0590013326657406,5.294083323207538,0.7419376286213253,1.1953047803473797,-4.695054521713975,-0.4640402755805838,2.1550935222877663,-1.477474570514242,0.38768519226072357,-0.2436117201692535,3.6959080072619286,-0.9855609432078382,2.99497709659727,0.2093133130484723,normal breast tissue
10.520640412087255,-16.774895677511704,-23.723025689982105,36.36668732263363,4.594470614451019,19.838356763032834,5.860786769752327,-5.681429231140655,8.70060579860117,9.738756379167691,0.4359205724356307,-1.1811598772819774,4.0856420695009295,-0.45774252046438696,-1.503738891615302,0.8385048668185784,1.784139727628283,4.886970920101021,1.7590868624825633,-1.5877752359093191,-4.409802495217316,1.6921427252696224,-0.355931576039534,-0.2424661819202894,-2.7457642761511654,0.8086895046137424,2.3653383374336117,-3.067346851856105,2.4180808551493955,3.3811656975596844,5.0920962770385865,-1.053524344337373,normal breast tissue
21.85017220802379,9.053409635388025,5.0724831024979915,-7.59228523434917,15.275008415916638,-9.144102115815231,5.4196835970390635,-10.54556122794323,5.222675724735034,-13.520685612995635,-5.154334480879136,6.231688490847211,-3.114691260849546,-2.51928128168673,1.0783588291239765,5.291921710153766,7.913619043909054,-1.9402505424515613,2.168196448531628,-0.7678784714738642,-5.221490626584428,4.813503420963986,7.472226664233131,2.983829192394396,2.705308873267462,1.4381537060567913,5.454527924196654,0.6675924042347567,2.41626624514607,7.782316675196262,-2.4271568753261996,-5.415438046348654,primary breast cancer
-2.570694441627868,8.577069002279172,-1.2228813664218603,-8.385180606784715,8.939690281376619,2.619824203059735,-8.323366554438605,-8.274699124091876,10.22850145268024,-2.5328508848665288,-3.4032134756920183,5.786024011057876,4.042510032924647,-3.101508534222465,-2.282500087105113,-0.3115247354427351,0.13613148798900207,-3.0085499175134145,0.3723500790561602,-2.315857007357223,-4.107688804468373,-0.9514400115038876,-0.7361626405970035,-2.605383333896312,2.9484272719541993,-0.4741652817028982,-3.3509692305952776,-1.7553422179774572,1.6891419630929245,-1.7078600278302072,-0.7259160540881195,-1.4474913328379035,primary breast cancer
-6.984437424521682,7.620309284368303,-2.6931772987045575,-9.270375531979772,8.46884442654765,0.09239835093459697,-9.368834329316849,-4.381257649563964,13.779126562257176,1.3981747804323563,-1.491116829713505,4.663129575562754,1.214259333350307,-2.7317298040285496,-1.9802545794816804,2.4659652066699667,-0.596022118511804,-4.853169815710382,1.2045734573968556,-1.2179649532501828,-3.5632734480035575,-1.7411892128693995,0.41022927309182716,-1.5598997682492108,1.4365882075105973,-0.6677879220316766,-2.6148658819989437,-1.4984608626067082,1.7308950975833313,-3.544644963164052,-1.1414533488683885,0.33969284990451787,primary breast cancer
-2.044714883035679,15.414390890079895,-3.77731058663425,-2.3067285122190655,-0.5322861942519744,-1.3282299215546003,-7.339945420257591,-4.520369422063239,12.24179734711142,-3.648301868960794,0.639338244117499,5.544188939270758,2.16905638822258,-1.3359528250803825,-0.5646094464452446,5.473723048778794,-1.168270853690494,-4.583249206609119,2.0072423546900615,-0.317808707413222,-5.647890572323917,-1.7553316471585212,0.25127561515510866,0.8433700656746191,2.36483971605968,-1.2380436680158307,-3.5378065072893197,-0.5135878703868503,0.2365919386177786,-1.754229369017964,0.2929418844524988,0.7921981197392592,primary breast cancer
11.716302588025323,4.42159131306588,1.8343788577959967,-8.555045712482743,8.220662414398594,0.8812464845052304,-6.7378185209554555,-5.769666938256551,14.161312796871195,-4.081477792536965,1.084873498960763,2.0939744002656515,3.0264183256541313,-0.35672354836224557,4.020009937480405,1.8537684630481852,-3.2333764999774877,-1.8705116329161193,1.7547828169513229,-0.9556649858204466,-3.7490067925818957,-4.1752596000698885,4.4646261335615645,-2.871056092040908,0.5683443403479861,-1.8520585959997966,-3.6617628537994595,-2.08195120274215,6.410219444323587,-2.4814231796894157,4.226245942529128,1.6097721637083837,primary breast cancer
-24.63316525237848,36.392070505340776,-21.130980890162377,11.571609687140134,-15.739573000431411,-17.677158584766183,6.814651751340289,5.162866414852487,16.096224232013043,-2.5678144117631803,4.352400572282118,6.821915323491503,-1.6167642772454014,0.7046919477209136,2.797234753438454,8.261067208948722,-6.06691464630679,-5.436893423134912,-2.177216667977978,-1.5917083659854983,-2.2827781091886363,2.959994577043386,-4.758032394607901,-1.5543041163186384,-2.421008686991542,-6.9989988802834375,0.9198991758458155,6.300103334895585,0.08610136912511736,7.519456398725107,-1.0162175549530574,-1.6397595935504752,primary breast cancer
35.84037466800309,9.488496184821821,11.596204202017711,-9.530490353290284,5.692163885680548,1.8640064300344998,9.587410365320698,-2.0370544860677775,6.195631777965158,-3.2975538333137715,-0.597807838094833,1.125858730162472,5.371046822815221,-5.21139726510622,2.802173475657029,6.4779190027993305,4.406174222519453,-2.707357474545049,-2.9707053149712417,0.9653563212775348,-3.90842896035354,1.3623022621261331,1.95437121266633,-0.487249434610583,2.40143637658717,2.0348638379069763,-1.9113271420904474,-0.8222360002540752,2.976265458009949,1.3521971842140739,-1.0468552398634803,1.1591317527804528,primary breast cancer
27.107113377550984,7.47176863693533,8.93352597063011,-5.6408787862619585,1.379173645288942,6.017571964534775,10.70754255409855,-5.272211554105973,14.061260596220698,-5.900801968877766,-3.011423692928294,-1.2054654312481206,6.0235016138651005,4.6381842673448705,1.9478054858822982,5.599983765695831,3.284275481220934,5.018665079792694,-1.0113347156558394,-4.023172609868765,-7.592516154660163,-1.1564057898182498,4.626602936084041,2.384459208355948,1.7352084729218495,-1.9662603541387016,-1.5256468875619023,1.9682307268871397,-5.248806770291667,2.7848333291519203,-4.054725718691868,2.7183895394877884,primary breast cancer
19.310181452211218,3.0505052674520843,6.639744027830566,-9.006744610895304,7.717746870733507,0.6012609993257731,6.15704796910143,-5.5787211764209825,19.722711842142406,-4.566589924347668,-6.30754231415016,9.906511065194055,16.42273159961653,10.554889800867738,10.590847075893503,3.0383839830971087,10.34435459796178,11.832352027512432,-5.799426414692914,-1.0901755522635628,17.554203802323475,-8.36978433088975,-7.717587398453035,6.012202700905461,-2.383475146321672,-0.15412913324832184,0.9907189768215156,1.837955076141957,-0.4336400491584167,-1.5227909402179018,1.8887694357932647,-1.4167241133351336,primary breast cancer
46.4993560116341,17.777544018055785,12.343003921458765,-4.028352138187262,6.992655730176589,7.521730642087744,11.341074350928812,9.212473103758375,-0.8951635520806834,-3.904165803377105,3.9741335255251333,-1.1987734072310114,2.3861396072854033,-3.358445681930584,5.068136943453082,-1.5298742938173038,-4.643686365054767,2.2740698307011136,-5.086589312459607,1.966018050722547,-1.9030276840970954,4.586703953626643,-0.16484588362257058,-2.535796711811612,-1.390392915702021,0.17001334006909744,0.3442877824394336,0.6033970918555032,0.8890476819204078,-0.39409154671615926,2.616067581869529,2.3197299019304234,primary breast cancer
45.712267655623315,14.52249707954058,13.314355203134562,-6.330698414512704,8.170134893277229,4.3093088261830825,8.756311818923628,12.710927467774509,1.4427965521090695,-2.968512660112013,2.978298022621,-0.10720390880787664,2.439529265373768,-7.245000338393509,2.0524447360399583,-1.0921845209984973,-3.7414406882932223,0.4083889527329364,-3.0267515305774975,0.4093653589001552,-0.1708780594621345,5.583249534452743,-0.3083261582417136,-0.0851019288642386,-3.417227288373168,2.069323379925785,1.5360300181973803,-2.7558138664864074,4.245657695274994,-0.6115713097753223,0.7702210695676994,-1.3758407198722382,primary breast cancer
41.5309287796938,17.06003016385352,9.887797129367689,-3.336590088663541,6.398714620267576,2.7398109334935397,4.821315296615648,9.971514086138786,-3.1047933681865985,-1.9310374190121193,-0.45850286739003554,-2.925830526213678,4.233413688891758,-3.4122950174818905,1.5985300764608212,-1.569348219731628,-2.2042386197528936,-1.702801646203142,0.5063695470565283,-0.5541747292335274,-0.011481149182567171,4.377998942727865,0.6516359423842798,1.444912638044189,-1.228794204680145,-0.4125373745917021,-2.4520097891103334,2.3473265101419907,-0.9622738436183612,-0.5379101193277945,0.009118168863270514,-0.40376023737638356,primary breast cancer
30.74065873177459,18.59204949064754,8.031153922133093,-2.7864681835453555,5.00017959313851,6.230063153668106,1.4547900553026143,4.228749099385238,1.0321530394426797,-0.5511973333557089,2.0396465592163615,0.9442194269905729,2.0897497303828345,-3.0875428860880345,-0.9651894126705561,-0.1733965512259082,0.5981741652075869,-1.6216060026686256,-0.22807720082896196,0.6916939943741093,-0.1976969891902144,2.6003276351443687,0.8215488157867699,-1.112053876533078,0.03779938505936822,1.002053457554633,-1.654086885859589,0.021276023024115298,-1.4954337106132907,-2.2004292098964453,-0.9780909850629247,0.515964059735824,primary breast cancer
17.56123844592407,14.070513327534256,4.82015941621507,-1.883103417822691,2.635571952665296,3.531336251914636,-4.06252379988341,2.654029644667928,4.775950227749589,5.5555680687332085,-2.3340500950380294,-1.5328118022722066,1.2558269807650662,-0.7514578727779012,-2.4322137977964275,2.41483066882038,1.8575716158278497,-3.3443673082792356,4.807002246107558,-0.4291404102451801,0.6171038767604485,2.5916527480013354,0.25705688755378325,3.979345626281149,0.6906322821307136,2.258790849313358,-2.1630471277395324,-1.5640287159604738,-1.3313804084844565,-2.9894212897232273,-0.2405447394470444,1.3260265045143558,primary breast cancer
31.827212675650983,14.360592480914736,9.171753478391562,-4.034375327729453,7.4915262145391095,5.793078717755234,0.6732563143865103,3.617812683305094,2.902481765738074,0.8947389261258187,0.5822151629828092,1.7464380878301853,2.2821321026950154,-1.597333730455745,0.10286424326556343,-1.1888816762402092,-1.6737564661421245,-0.35019160490436535,-0.15053208307271393,0.3645183334168348,-0.07614755801867384,2.9783550150661084,-0.661562495293435,1.2243571169037037,0.08833724868541962,0.216958008330685,-0.8701218191374287,-1.5604151497929848,-1.7627276847143303,-0.25052892677608446,-1.2527263938614246,-0.29901633542799894,primary breast cancer
-10.732245403565047,17.449549572607005,-8.653587121242982,-1.199972735383428,4.954832342124222,1.3457552464673164,-10.787105014561835,1.2526211951437827,4.448695956181088,2.4056398097806198,-4.071157134751396,0.1484101468661395,2.3223400191527492,2.310512827538179,-0.7572876165056877,4.069144935740169,-0.9788390892360367,-0.8882043296339188,0.9176096474258096,-1.0763626057720266,0.14596911746866334,0.7079851241562354,-0.5078094309632292,-2.864331901824185,0.4416619021642978,1.3351314372284135,-1.5719507573361322,-0.2874652215909875,-0.9114022658140093,-1.907156223658237,-2.6951410259354738,3.3347946506578774,primary breast cancer
8.790302399493651,23.890876972382003,-3.248591268700307,4.118376058675111,-7.458642075672647,3.507258958047102,-5.268602330456248,0.7723945348087025,4.374888999233684,1.1377458591264258,-5.202572444024904,-2.2365294967147107,4.749946767703135,-0.33747717787593784,-1.7856718880790583,-1.7945503731290884,2.5563241144523636,0.894275859749065,1.9108479101575946,1.724167576512164,-4.251596977093376,-2.233952762816211,2.7133462276344247,-2.4826502976402143,1.5668089287960039,0.14323606328642366,2.0194902054878496,1.2522386309506965,-0.15317961181020961,-2.5451485041648527,-2.0385159435225533,-1.5298755567410867,primary breast cancer
-7.7735571165125315,23.349320916718785,-7.33793837091596,-1.0784020756621253,2.4686153164552516,2.693359577711542,-8.874387409928888,-6.26452188757147,4.266840653912688,3.476595284801096,-5.325085478334446,5.883579182602312,3.754563971041755,4.266666106345228,-12.033760956775552,-3.5767939113682363,-1.5694968992738163,-0.021838716482190636,-7.200245931697184,0.3722563279783403,-0.9352653017470037,2.1898307203252325,-2.1914856016457085,-2.236364304594048,1.69853247376559,6.995951321113706,-2.3604504421012305,4.3277435423067505,0.7578921679140582,-4.394862334294632,-1.1661778395324827,-0.20965180925744545,primary breast cancer
8.248412058243284,19.99647625642837,-2.1538620991056927,-0.525584702917913,0.5832429135898904,7.267126744265658,-4.465680688626103,3.543374003331661,1.6293600237833223,1.9340072565958117,-1.8839280025096201,-3.1864889084624166,-0.6648063469522172,0.9206008100492666,-0.9510321916292921,2.8836994642537257,1.1472804195272124,0.932613348330299,2.3448050849342015,0.41572609800107097,-0.6457153623489357,-1.9817753690224387,2.033272029321545,-1.0248132979516924,-1.1929164995291222,0.14496858878341837,0.4511237769671027,0.15715643923192288,-1.2752217750084907,-2.622188284006415,-1.9284753433780089,1.597227968687138,primary breast cancer
4.479730517285411,33.79046644583851,-5.895640989784728,13.495778905923052,-17.46326627100554,-3.7089602343214176,-1.4377574218021938,2.7884149194211827,3.939729473757586,1.473679314801684,-8.697502517588966,-6.106461443579019,1.6370781885159105,3.712039935971364,-4.310467335048444,-8.319016419944944,3.1181858546221983,7.701855746372512,3.914071463591977,1.0020124673960529,1.0263152156088813,-1.0247865961259999,3.9104648746086346,-5.19310998890542,0.19303299377526692,-0.22888611663675634,-1.3382770452536552,-3.726102019627325,-0.6429771714530164,0.7221346254525777,0.27414032484514117,-3.689400276708394,primary breast cancer
-20.599599687230388,7.657954001430305,-7.859375188211454,-3.3691530223394017,28.36052998352502,-11.359468888969138,-1.5710760412222617,-10.528934820906091,5.463900516040032,-0.6375965332244815,-3.1142777147914997,3.0244911092591322,-22.908317221785314,9.19795877650568,-3.6771304772419486,-1.3324731952925206,0.4698331353045817,10.561470252737598,-4.106002810258784,-7.878706124057839,-3.178898201197792,6.961860376771953,-1.7966166706705726,-0.9554181285498471,-4.199330918407426,6.58692254145483,0.9475278948904838,0.3526589341762456,2.2425354869696537,0.28527759922527507,6.840814656775961,-0.4949704736021492,primary breast cancer
45.91251852582857,15.344604108064862,14.089456526188513,-3.149418177804596,7.241620413335365,3.3199430723452634,11.55231340451055,9.947538227607753,-2.3874176122194575,1.4652544699249799,-1.3085707679982705,-2.831868465997222,-2.50753626435501,-3.21082866503272,2.48793899759699,0.09863125447911884,-6.060317447646704,4.992807933113545,-3.1374658529005948,-3.690737436587187,3.211439785577317,3.5765851121516232,2.2456797544075138,-1.0183434239477314,-4.1955576962865795,2.703680531788346,2.621508445813688,-2.5152249066876897,1.398656737666385,-1.2472080994098167,-4.605314451046324,0.7898358940606516,primary breast cancer
29.622061482777422,15.465856057466949,8.478247062118774,-2.7797421526935246,5.229665928385875,7.335764500939573,5.127131457974622,1.2976081178533694,1.104089009712067,-1.4325033591103695,-2.190719839725323,-1.4558745380791367,-1.5775457308487248,0.2075152900622371,0.6853407092590265,0.2099010808202282,-1.8834205215214035,0.978408994531438,1.9417546751581563,-3.1175036398996356,1.5637693346470674,1.0924345268955367,0.45150508106900733,-1.725469734884711,-1.3840298429659603,0.407014562404121,-1.430899262958376,1.5753838252309675,-3.415311861324671,-0.2588912731001907,-1.7333017275745977,1.5367078366553073,primary breast cancer
4.2073517267431475,15.06366402338711,-1.19298678592145,-6.2031937993750415,16.60760215883488,4.210651382715437,-8.539686737176606,-2.930933810545023,-2.426403509098086,-5.419443382349986,3.942343722827267,0.34336341834269773,-4.663720913815208,3.473644604736577,-1.1970603460314,-0.7842857866589078,-1.5825064740391062,0.8474894404923052,-3.038309434660716,-0.2972488444335381,3.8308670110395173,-1.9650074164958045,-0.283837911915838,-6.199298052268386,1.0893379164598633,-2.9599389452926417,-0.3609815276809332,-0.15020936863777418,-1.1427054934049907,0.9713941240649203,-0.5848631127110825,-0.5809896112759959,primary breast cancer
10.593076659807803,15.03426033648917,2.117953229991303,-4.709973384459768,7.883539098437424,6.176120314253527,-7.64575985049636,1.562265524581456,-2.0216017730286624,1.0747013571109651,0.9303389015156683,-2.7929186047041243,-2.154418809584893,2.6457295201798696,-0.05620755831908147,-0.40605174023807394,0.8725864290950305,0.6314203731542091,1.1847806466687076,0.279225442507462,0.4688928291121961,-0.7268348011517816,-1.7763161719029137,-0.4413172201756922,0.3920997180687526,-3.590400735800006,3.839579177646247,0.6171263210539165,-2.5896427392150536,0.4947071560330245,-1.5192797272014709,-0.5687109692824476,primary breast cancer
11.63052293605801,37.78313611807232,-6.270283320413708,12.49611706205694,-8.87005797396796,-9.788488498171128,-3.528785100504733,2.40395359015948,-5.444059475821646,-12.656218671120309,-11.042889935404244,-8.273886040979459,1.8489585693626451,2.915628073198577,-4.105160023207083,-5.314025609560263,6.291862461097854,5.029909348373197,1.1461210716397474,6.686201353254959,1.640909182500505,-1.0696202332007358,2.1105080051495633,-7.826926676603094,3.2648725455330943,0.8790051726241734,-0.7866256218297574,-1.437114757024796,-0.6441810515931289,2.669833495505474,3.4946728124164967,-4.937116844263082,primary breast cancer
19.77962620291607,15.247801564551358,4.245507345797661,-1.3536265548681266,3.2735910958081447,5.800659922013196,-5.620351012221002,2.3732723306994874,1.342643321511875,1.4341120849430051,-1.2410402863217667,-2.3792521263283866,-3.0638270256250713,2.1368701181053327,-2.192240993946171,0.3381271916314516,-1.5207235407668245,0.8365854763510691,2.685544394958356,-3.975728372915369,0.4278615693339746,-0.9720601531231713,-0.9798987459438658,2.0461628964870715,-1.2301148220231057,-2.07515378080111,1.697309100501493,-0.20977225667556076,-2.3716273067190805,0.25201284833516885,-0.11557069904568432,-0.36662524310108663,primary breast cancer
11.188413044426062,17.120456507479282,2.5090232280942804,0.8054757081542409,8.030725524562301,-2.509962091232117,-10.423964056247547,-1.6913970534233371,-2.2377215455792756,-3.048598612203153,-4.232455295821276,1.3117091798559153,-4.257346222278348,-0.051113115211402306,-1.2541555300532805,2.9988913285554375,0.38308103183173176,-3.398735390180877,3.9335577047134938,-0.7765553111154248,4.069811504751815,-0.7728322384540978,-1.2558343353882644,0.4066274666708561,1.2683405820358358,-0.6591271252696557,0.3803713826302652,-2.88382419512896,-0.8701685045766288,2.122146106585263,0.3019786149714538,0.20167643458692425,primary breast cancer
15.733883608460063,14.352922406959278,5.369885145764679,-1.384556152130039,6.798563834009323,5.409797921622072,-8.815506990943424,-0.4291329531079847,-1.9757945879014007,3.214207533715303,-2.0846442020925053,0.9748875424214719,-2.565829503443036,-0.4604970564930044,-2.8266503194498465,-0.8658727484085772,0.7282167474419625,-1.7913130253431822,3.7933598441999568,-2.004371096101731,1.1047805124719914,-0.7126180822178586,-2.1945053057515276,1.7182485590145646,-0.08789707385620484,-0.6025285855980866,1.2198027385299937,-0.6569305259404505,-1.5166428034587407,1.7937565110618676,1.2152235749572884,-0.8595034969427017,primary breast cancer
-15.854005628258593,16.35598871908575,-7.731785531305447,-3.2297805331046385,11.664444289049053,2.8838021481101364,-10.160937067116175,-1.1674627331189336,0.7676968388042609,2.8549727639214666,-2.3184672087594813,2.1440074789220596,-4.188662237667997,-2.2709916376639603,-0.009741030949771422,3.40636948096014,-0.49023657142434685,-0.19920320079970386,4.027389112939202,-1.0890501134486412,-1.0701649958697756,-2.1334819604290796,-3.965346531938412,-1.5537669214092182,-0.19664461132254418,-1.8905854449058839,2.3591303458773463,-1.0239093739396619,-1.7447401252676982,-0.4119088112453417,-0.5512606409561908,0.2404942632650018,primary breast cancer
-1.8616363010399597,15.469013011979445,-3.0410986913295677,0.35336729789679766,2.5008598987661035,-1.4189820138871634,-13.104551839539882,0.12566936156980715,0.33612664587530366,1.981383202445141,-7.772105945224844,-4.066131334505265,-0.7559381881665819,-2.8031327104699835,0.9373495307523263,1.3567462146170013,2.0061601935263553,-1.7100676500524457,6.202802439760628,-4.38887538120941,0.41857548404105793,-0.233439723826324,-1.9253989508674114,2.917245376564529,2.0207579082961917,-2.596669516255788,3.1260974386930123,-3.3460868960520864,-0.43814791837694467,-0.8532213144709372,0.3233431560161472,0.501592109780202,primary breast cancer
19.509521826059036,24.166103432451333,1.6877163942127003,3.9333341869508103,-1.3751889257344574,4.45135452928326,-7.271310129303267,3.5840699170791503,-7.622808256625206,4.802174635828964,-0.40396898592546926,-1.1181604866974422,-0.9201233339890929,4.454355852599964,0.3880152120193475,-0.8578120621530883,-2.840516163647434,1.973816890094919,2.6888033416751593,1.3067540470135364,-0.5440786221856925,-3.825033221555444,0.3682535272034471,0.8212613911419202,0.409706428110034,0.10582435787260104,-0.5091241881996255,-0.3350248211821033,-0.23716732062259238,1.112452477659666,0.6826813538396382,-0.5477740685299328,primary breast cancer
30.962451495988013,20.57058399043062,8.782037188708083,-1.099871171329105,5.422152881316644,7.535678596230372,-2.8277355390396957,2.395701815819611,-9.33612592445572,7.081576527136707,2.1135761931722183,3.727809515722307,-0.11738510000569086,0.4023497550390671,-0.7177430899736041,-6.46595046161886,-0.7221063143671312,-1.5568655221268497,-2.33675990786364,1.6150765356459216,1.0833976150410354,-0.8419538327654795,-2.7583821122202017,1.478662787879085,0.41248785222120027,-0.8575449948116824,-1.1850753069272004,1.0319778860519997,-0.30371351024111093,3.782920942866136,0.6080785312333759,-0.6274566887770023,primary breast cancer
21.690557635793137,15.559483041309965,4.910121849281756,-0.14530951521498114,4.813970383527472,3.69485732605897,-6.07974489088225,1.249811740661288,-2.6850566013282764,8.280637818662141,2.356747975326704,3.533746549812894,-4.497993423676081,3.550052717355376,-0.058647158996006914,-0.04594679665410604,-2.305837574819948,2.850057685866737,-0.36442697624137926,-2.3245477631412883,-0.9475293481083576,-2.223937561925103,1.1504659240409165,3.369602883955654,-0.9684340325669367,-1.3194964568489744,2.7834038967436947,-2.9766716545137872,-0.14478571041260888,2.1258908628278195,-1.293941663991533,-0.509940882483345,primary breast cancer
16.56463253093751,24.544882745739987,0.5009082901366279,2.6463088411546205,-1.2300968589716437,-0.93538091547137,-6.569501312548686,2.4177334057401962,-7.817488414653397,2.8275012037389997,0.026348769555745555,2.3820096958902752,-0.6679275727501184,0.7679127017334206,-0.45143832085734065,0.2802542821319139,0.2196610934285581,-1.139725710946582,0.801767442209993,4.806880605246642,-0.08692664986175683,-3.177314631450121,1.2902350210560112,2.2855849013415437,-0.12847582274856906,0.7107994744735341,-0.27562425306943955,0.7816521979276974,1.7721955810952008,0.9386657115671505,0.80859031426163,0.8751977454801514,primary breast cancer
14.36540260022503,15.887527224012688,5.141104610188118,-0.09632460433255176,11.817714277317423,-1.7864005802178728,-9.70106958377242,1.0726219602111289,-11.516422611617848,1.372380281422493,-2.370532966999685,-0.7697695627596931,-3.2986699292300634,1.4126302815549099,-3.5575799373350527,-2.1866076674045045,2.2874883595526625,0.16112471315761673,-2.5655647583069108,-1.467602468071125,1.7180109280921352,-2.427754093814754,0.4848864048030269,4.862101652603739,-3.6407422115654398,-6.335912574446534,-1.6301913126765466,6.2826701672198055,3.649984692142814,-1.9508466498551085,5.7323552674711715,6.674573232201025,primary breast cancer
-22.338661017753775,19.781087731491983,-12.573622435968511,1.240776262485594,4.643335963721875,-6.25805712693929,-13.652893876727669,-5.135892464738488,-1.6234396222255891,0.6200777242893287,-3.3026881603740255,7.601566215367629,3.0058894320904956,-0.7295900746410674,0.30041138173163023,0.2799157608002062,-4.533975970283739,-2.5267566931554284,-5.651787327203178,1.201027841371778,-2.259839744193268,-1.8065820644499178,-1.619978102860319,0.480174436473857,3.5215042826862004,3.680748125258915,0.978894938963589,1.8710800468320201,4.136887769708408,1.0745605185265923,-1.5502313435003177,2.883524889291398,primary breast cancer
19.203801408709484,6.364831076125464,-4.821918105603666,-10.27028712772197,2.6624785269619533,-16.070123680930305,4.848630652946229,-22.364132570944665,-3.076252179271108,2.7613823900171797,11.89960575606791,-3.0709117133368644,1.6514991615587353,3.5777371278602232,-2.0856294937849875,2.4075060586568333,-2.398855843900601,-2.1840804767904305,-6.275071234791154,3.6477500507023017,-0.2783192040043101,-2.73655208856684,7.826206611060785,-1.942059422135808,1.0522830491542194,-1.5752867168035523,8.517302737573083,-0.8211944703652905,-7.180678542818017,-2.4193381206988875,7.435881058034609,7.914337585220344,primary breast cancer
28.191212620917103,5.67789637010317,0.8361980155845168,-10.623575160192118,-2.7330770378499882,-12.16847319750699,7.7758524526318125,-16.188651616804634,-10.702695174433423,12.09816142518733,5.39049618077168,-1.2472888212255526,8.274647760824374,-3.6403207701739286,-6.5602291741604075,2.9868810988869785,6.101735194099711,-4.491477351797368,0.6797981299087099,-5.399804089483846,0.1319052193457813,-0.30647662851026036,1.2364170210336907,-1.9797242523227898,-1.0208832543363429,3.1637748937116705,1.4774644298337025,-0.27170908202203914,-1.5223685262094666,-3.4900452356999954,3.6163879275093103,-2.5293737724271295,primary breast cancer
-18.955524376033672,30.996957490415273,-22.013923988722237,7.72694277952661,-22.130374067013534,-22.448801270992604,7.61117609699281,-2.557619477027379,3.3689956322213535,8.765352248022115,6.375286857761656,-0.8537399349690244,2.97529513986909,-2.493661081613538,-1.0021489987912904,-2.2187560331083955,4.603292498335617,-5.367241243951485,-1.695288789618393,-9.433736376394709,0.4589880049543242,1.6841969827999148,-6.131635553352389,-3.4282096549762757,-9.05363752428225,-8.91149445715593,-2.3909612460320617,1.4528440109269691,-0.490879038389413,3.066998504974942,-0.21341931840961625,1.4954801497668868,primary breast cancer
3.6030068973346894,11.373508681816071,-15.474055013257168,-4.846131656143447,10.64156452289259,-22.591009278172297,-4.141944897638342,-20.535476273285347,-13.198524754291604,-11.973967422436646,4.811384912373433,-14.741088510862644,0.7767689479413126,12.482025121955376,11.51880415383773,-1.8746770359276075,-6.172924164674247,-8.882858066395826,1.5191584261926825,2.429354269902998,-1.7302931646140287,-5.450162814072799,-5.031026273191142,1.8190827372928942,-8.35405840675641,5.532463930628275,-3.6075097590405716,-3.377601162298915,-0.4326565182253761,-1.2012405769690033,-6.306458926413365,-3.508806329202509,normal breast tissue
38.55176040522489,-0.9143299847258233,4.0524598022178875,-12.946595122640941,0.7194915830186952,-20.18275875753054,14.550120400398818,-10.852008307015357,-4.280284415230959,9.899438943404473,5.117603675247657,-0.010561461110411837,8.952444153047974,-7.895921730278662,-1.5489276009769275,0.4601775120260911,4.579588717041649,-4.650813886301846,4.398520231405177,-2.735197942456811,3.316454789286205,1.7864868561667926,-1.271914193131592,-3.4611655443987916,-2.0077253288039527,5.71594834290113,4.6574370495303725,-4.545350912706287,-0.05357238731241603,1.6888214789677205,2.140330857625612,-2.1331315586305823,primary breast cancer
